Date,"Total membership","Full Members",Guests,"Daily active members","Daily members posting messages","Weekly active members","Weekly members posting messages","Messages in public channels","Messages in private channels","Messages in shared channels","Messages in DMs","Percent of messages, public channels","Percent of messages, private channels","Percent of messages, DMs","Percent of views, public channels","Percent of views, private channels","Percent of views, DMs","Files uploaded","Messages posted by members",Name,"Public channels, single-workspace","Messages posted","Messages posted by apps"
2019-08-03,5,5,0,1,0,1,0,0,0,0,0,0,0,0,1,0,0,0,0,0,2,1,0
2019-08-04,5,5,0,1,1,2,1,1,0,0,0,1,0,0,1,0,0,0,1,0,2,2,0
2019-08-05,5,5,0,0,0,2,1,0,0,0,0,0,0,0,0,0,0,0,0,0,2,0,0
2019-08-06,5,5,0,2,0,3,1,0,0,0,0,0,0,0,1,0,0,0,0,0,2,0,0
2019-08-07,5,5,0,0,0,3,1,0,0,0,0,0,0,0,0,0,0,0,0,0,2,0,0
2019-08-08,5,5,0,0,0,3,1,0,0,0,0,0,0,0,0,0,0,0,0,0,2,0,0
2019-08-09,5,5,0,0,0,3,1,0,0,0,0,0,0,0,0,0,0,0,0,0,2,0,0
2019-08-10,5,5,0,0,0,3,1,0,0,0,0,0,0,0,0,0,0,0,0,0,2,0,0
2019-08-11,5,5,0,0,0,2,0,0,0,0,0,0,0,0,0,0,0,0,0,0,2,0,0
2019-08-12,5,5,0,0,0,2,0,0,0,0,0,0,0,0,0,0,0,0,0,0,2,0,0
2019-08-13,79,79,0,18,6,18,6,9,0,0,1,0.9,0,0.1,0.9412,0,0.0588,0,10,0,2,15,2
2019-08-14,84,84,0,50,29,54,31,29,89,0,4,0.2377,0.7295,0.0328,0.4848,0.4962,0.019,0,122,0,4,125,0
2019-08-15,86,86,0,46,15,64,40,17,25,0,2,0.3864,0.5682,0.0455,0.6066,0.3738,0.0197,0,44,0,4,44,0
2019-08-16,86,86,0,36,8,67,42,6,1,0,9,0.375,0.0625,0.5625,0.6914,0.2037,0.1049,0,16,0,4,24,0
2019-08-17,86,86,0,31,8,70,45,5,4,0,2,0.4545,0.3636,0.1818,0.6393,0.3197,0.041,0,11,0,4,11,0
2019-08-18,86,86,0,24,5,72,47,2,3,0,0,0.4,0.6,0,0.7609,0.1957,0.0435,0,5,0,4,6,0
2019-08-19,87,87,0,35,8,72,49,3,8,0,5,0.1875,0.5,0.3125,0.5909,0.2197,0.1894,0,16,0,4,29,0
2019-08-20,89,89,0,36,12,74,50,7,19,0,2,0.25,0.6786,0.0714,0.6564,0.3006,0.0429,0,28,0,4,31,0
2019-08-21,90,90,0,26,9,69,40,0,13,0,12,0,0.52,0.48,0.5041,0.3252,0.1707,0,25,0,4,29,0
2019-08-22,91,91,0,36,11,73,39,10,8,0,11,0.3448,0.2759,0.3793,0.7411,0.1696,0.0893,0,29,0,4,32,0
2019-08-23,93,93,0,44,17,74,42,5,19,0,14,0.1316,0.5,0.3684,0.5991,0.2703,0.1306,0,38,0,4,44,0
2019-08-24,95,95,0,24,6,72,44,1,9,0,0,0.1,0.9,0,0.4722,0.5185,0.0093,0,10,0,4,10,0
2019-08-25,97,97,0,43,11,75,44,11,6,0,0,0.6471,0.3529,0,0.7845,0.2026,0.0129,0,17,0,4,17,0
2019-08-26,99,99,0,61,18,80,47,15,16,0,10,0.3659,0.3902,0.2439,0.7965,0.1766,0.0269,3,41,0,4,48,0
2019-08-27,100,100,0,69,24,82,52,30,28,0,92,0.2,0.1867,0.6133,0.6524,0.1415,0.2061,5,150,0,4,175,4
2019-08-28,112,112,0,69,26,85,52,14,49,0,73,0.1029,0.3603,0.5368,0.6355,0.2005,0.164,5,136,0,4,156,2
2019-08-29,117,117,0,73,30,91,55,34,36,0,55,0.272,0.288,0.44,0.7052,0.1646,0.1301,0,125,0,5,132,0
2019-08-30,119,119,0,67,20,95,36,18,12,0,39,0.2609,0.1739,0.5652,0.7504,0.1274,0.1222,3,69,0,5,79,0
2019-08-31,120,120,0,43,6,94,56,4,0,0,146,0.0267,0,0.9733,0.5051,0.0364,0.4586,10,150,0,5,165,0
2019-09-01,121,121,0,36,3,91,56,0,0,0,115,0,0,1,0.3777,0.0288,0.5935,6,115,0,5,124,0
2019-09-02,121,121,0,46,5,90,52,1,1,0,168,0.0059,0.0059,0.9882,0.2914,0.0552,0.6534,3,170,0,5,178,0
2019-09-03,123,123,0,66,22,94,55,6,20,0,183,0.0287,0.0957,0.8756,0.371,0.1403,0.4887,5,209,0,6,217,0
2019-09-04,125,125,0,57,26,91,53,8,31,0,206,0.0327,0.1265,0.8408,0.3512,0.1989,0.4499,5,245,0,6,253,0
2019-09-05,126,126,0,53,20,89,50,41,14,0,88,0.2867,0.0979,0.6154,0.5806,0.1456,0.2738,13,143,0,8,162,1
2019-09-06,129,129,0,59,22,87,44,5,23,0,126,0.0325,0.1494,0.8182,0.3526,0.3465,0.3009,1,154,0,8,158,0
2019-09-07,130,130,0,45,12,89,46,8,6,0,218,0.0345,0.0259,0.9397,0.2659,0.1522,0.5819,3,232,0,7,243,1
2019-09-08,130,130,0,45,13,91,49,10,2,0,19,0.3226,0.0645,0.6129,0.4755,0.3951,0.1294,0,31,0,7,31,0
2019-09-09,131,131,0,45,14,92,51,5,10,0,72,0.0575,0.1149,0.8276,0.4045,0.1586,0.4369,2,87,0,7,94,0
2019-09-10,132,132,0,70,18,93,48,8,8,0,58,0.1081,0.1081,0.7838,0.6892,0.0888,0.222,1,74,0,7,77,0
2019-09-11,132,132,0,63,10,92,44,5,3,0,12,0.25,0.15,0.6,0.7399,0.1892,0.0709,0,20,0,8,23,0
2019-09-12,132,132,0,59,14,92,42,6,0,0,33,0.1538,0,0.8462,0.7339,0.0994,0.1667,0,39,0,8,41,0
2019-09-13,132,132,0,53,20,92,41,14,11,0,32,0.2456,0.193,0.5614,0.7738,0.0837,0.1425,1,57,0,8,61,0
2019-09-14,133,133,0,51,14,93,43,1,2,0,82,0.0118,0.0235,0.9647,0.4834,0.0453,0.4713,1,85,0,8,86,0
2019-09-15,134,134,0,51,10,93,43,12,1,0,3,0.75,0.0625,0.1875,0.9476,0.021,0.0315,1,16,0,8,18,0
2019-09-16,134,134,0,52,12,94,41,11,6,0,13,0.3667,0.2,0.4333,0.7833,0.0967,0.12,3,30,0,8,34,0
2019-09-17,134,134,0,36,7,87,38,0,0,0,49,0,0,1,0.5198,0.0793,0.4009,2,49,0,8,52,0
2019-09-18,134,134,0,45,11,79,36,4,9,0,38,0.0784,0.1765,0.7451,0.6634,0.0957,0.2409,1,51,0,8,53,0
2019-09-19,134,134,0,50,19,80,39,7,31,0,63,0.0693,0.3069,0.6238,0.5188,0.2381,0.2431,2,101,0,8,103,0
2019-09-20,134,134,0,49,17,78,41,7,4,0,170,0.0387,0.0221,0.9392,0.3737,0.1263,0.5,5,181,0,8,186,0
2019-09-21,134,134,0,33,11,78,35,0,2,0,31,0,0.0606,0.9394,0.4236,0.1597,0.4167,0,33,0,8,34,0
2019-09-22,134,134,0,38,4,73,34,1,0,0,9,0.1,0,0.9,0.773,0.0426,0.1844,1,10,0,8,13,0
2019-09-23,134,134,0,36,11,71,34,0,9,0,40,0,0.1837,0.8163,0.4817,0.1414,0.377,1,49,0,8,51,0
2019-09-24,134,134,0,58,14,78,37,2,10,0,28,0.05,0.25,0.7,0.6549,0.1294,0.2157,1,40,0,8,42,0
2019-09-25,134,134,0,51,15,77,40,10,0,0,21,0.3226,0,0.6774,0.7117,0.0586,0.2297,1,31,0,8,34,0
2019-09-26,134,134,0,45,10,79,36,9,0,0,19,0.3214,0,0.6786,0.794,0.0215,0.1845,0,28,0,8,30,1
2019-09-27,134,134,0,46,16,79,36,5,0,0,114,0.042,0,0.958,0.4745,0.0102,0.5153,6,119,0,8,129,0
2019-09-28,134,134,0,41,5,81,36,1,0,0,10,0.0909,0,0.9091,0.6415,0.1572,0.2013,2,11,0,8,13,0
2019-09-29,134,134,0,36,5,82,36,1,0,0,8,0.1111,0,0.8889,0.7757,0.0654,0.1589,1,9,0,8,10,0
2019-09-30,134,134,0,26,5,80,35,1,0,0,35,0.0278,0,0.9722,0.4586,0.0226,0.5188,2,36,0,8,42,0
2019-10-01,136,136,0,48,13,74,33,2,7,0,16,0.08,0.28,0.64,0.7619,0.1212,0.1169,2,25,0,9,31,0
2019-10-02,136,136,0,51,9,80,30,2,0,0,44,0.0435,0,0.9565,0.6142,0.0262,0.3596,4,46,0,9,63,1
2019-10-03,136,136,0,50,14,80,33,1,9,0,15,0.04,0.36,0.6,0.7742,0.1362,0.0896,2,25,0,9,35,0
2019-10-04,136,136,0,51,19,80,33,16,53,0,40,0.1468,0.4862,0.367,0.5524,0.2865,0.161,3,109,0,9,119,0
2019-10-05,137,137,0,35,4,79,33,2,0,0,17,0.1053,0,0.8947,0.6697,0.0642,0.2661,0,19,0,9,22,0
2019-10-06,137,137,0,55,4,81,32,4,0,0,17,0.1905,0,0.8095,0.7967,0.0495,0.1538,0,21,0,9,24,0
2019-10-07,137,137,0,53,11,85,31,5,0,0,60,0.0769,0,0.9231,0.5944,0.0402,0.3655,0,65,0,10,71,0
2019-10-08,137,137,0,47,7,84,29,7,0,0,10,0.4118,0,0.5882,0.8611,0.0222,0.1167,0,17,0,10,21,0
2019-10-09,137,137,0,47,16,85,31,9,22,0,43,0.1216,0.2973,0.5811,0.5205,0.2466,0.2329,0,74,0,10,77,0
2019-10-10,138,138,0,48,13,84,31,12,0,0,78,0.1333,0,0.8667,0.6063,0.0115,0.3822,4,90,0,10,98,0
2019-10-11,138,138,0,35,10,82,29,1,1,0,28,0.0333,0.0333,0.9333,0.6286,0.0905,0.281,2,30,0,11,36,0
2019-10-12,139,139,0,40,12,85,34,2,6,0,16,0.0833,0.25,0.6667,0.5347,0.3224,0.1429,0,24,0,11,26,0
2019-10-13,141,141,0,32,12,80,35,5,11,0,34,0.1,0.22,0.68,0.3167,0.4875,0.1957,17,50,0,11,58,0
2019-10-14,141,141,0,39,12,78,34,1,1,0,22,0.0417,0.0417,0.9167,0.4022,0.3352,0.2626,2,24,0,11,30,0
2019-10-15,141,141,0,46,9,77,33,10,0,0,39,0.2041,0,0.7959,0.6351,0.0877,0.2772,1,49,0,11,55,0
2019-10-16,141,141,0,45,6,74,29,4,0,0,13,0.2353,0,0.7647,0.7844,0.0719,0.1437,0,17,0,11,23,0
2019-10-17,141,141,0,31,3,73,27,0,0,0,8,0,0,1,0.7363,0.044,0.2198,2,8,0,11,20,0
2019-10-18,142,142,0,45,9,73,25,3,0,0,52,0.0545,0,0.9455,0.6223,0.0324,0.3453,3,55,0,11,61,0
2019-10-19,142,142,0,49,16,70,27,6,11,0,71,0.0682,0.125,0.8068,0.5894,0.0957,0.3149,2,88,0,11,90,0
2019-10-20,142,142,0,31,7,70,28,0,28,0,20,0,0.5833,0.4167,0.3242,0.4795,0.1963,0,48,0,11,49,0
2019-10-21,143,143,0,70,11,83,26,3,6,0,173,0.0165,0.033,0.9505,0.317,0.1716,0.5114,7,182,0,11,195,0
2019-10-22,143,143,0,55,15,85,28,14,0,0,155,0.0828,0,0.9172,0.4884,0.0524,0.4592,4,169,0,11,176,0
2019-10-23,144,144,0,49,15,88,31,5,1,0,32,0.1316,0.0263,0.8421,0.568,0.152,0.28,0,38,0,12,40,0
2019-10-24,144,144,0,58,23,92,38,6,21,0,171,0.0303,0.1061,0.8636,0.2899,0.247,0.463,15,198,0,12,220,0
2019-10-25,144,144,0,48,20,92,41,3,4,0,223,0.013,0.0174,0.9696,0.2324,0.1191,0.6485,5,230,0,12,237,0
2019-10-26,144,144,0,46,21,91,41,1,21,0,76,0.0102,0.2143,0.7755,0.1526,0.5567,0.2907,5,98,0,12,101,0
2019-10-27,144,144,0,34,9,90,42,0,4,0,16,0,0.2,0.8,0.1387,0.6879,0.1734,3,20,0,12,23,0
2019-10-28,144,144,0,41,10,79,42,3,1,0,56,0.05,0.0167,0.9333,0.3444,0.2481,0.4074,2,60,0,12,63,0
2019-10-29,144,144,0,45,11,78,41,14,0,0,32,0.3043,0,0.6957,0.7138,0.0706,0.2156,2,46,0,12,48,0
2019-10-30,145,145,0,58,23,79,40,9,0,0,137,0.0616,0,0.9384,0.4786,0.0256,0.4957,4,146,0,12,154,0
2019-10-31,145,145,0,53,18,75,38,31,14,0,54,0.3131,0.1414,0.5455,0.6646,0.1069,0.2285,4,99,0,13,104,0
2019-11-01,145,145,0,44,11,74,38,7,0,0,42,0.1429,0,0.8571,0.6353,0.0639,0.3008,1,49,0,13,51,0
2019-11-02,145,145,0,42,4,76,32,3,0,0,26,0.1034,0,0.8966,0.7077,0.041,0.2513,1,29,0,13,31,0
2019-11-03,146,146,0,32,8,76,31,4,2,0,131,0.0292,0.0146,0.9562,0.221,0.1048,0.6742,2,137,0,13,139,0
2019-11-04,146,146,0,43,17,75,34,6,12,0,156,0.0345,0.069,0.8966,0.3948,0.0683,0.5369,3,174,0,13,178,0
2019-11-05,147,147,0,47,12,76,33,6,0,0,108,0.0526,0,0.9474,0.4251,0.049,0.5259,4,114,0,13,119,1
2019-11-06,151,151,0,53,11,77,29,4,14,0,45,0.0635,0.2222,0.7143,0.5589,0.1752,0.2659,0,63,0,14,67,0
2019-11-07,151,151,0,34,8,73,25,15,0,0,73,0.1705,0,0.8295,0.4856,0.036,0.4784,1,88,0,14,94,0
2019-11-08,151,151,0,48,17,78,34,13,60,0,134,0.0628,0.2899,0.6473,0.3681,0.3125,0.3194,4,207,0,14,215,0
2019-11-09,151,151,0,46,14,81,37,14,5,0,25,0.3182,0.1136,0.5682,0.7769,0.086,0.1371,4,44,0,14,48,0
2019-11-10,151,151,0,30,7,83,38,0,0,0,189,0,0,1,0.193,0.0175,0.7895,1,189,0,14,190,0
2019-11-11,151,151,0,28,12,82,34,1,12,0,60,0.0137,0.1644,0.8219,0.2476,0.2381,0.5143,3,73,0,14,77,0
2019-11-12,151,151,0,49,10,80,35,7,0,0,36,0.1628,0,0.8372,0.718,0.023,0.259,5,43,0,14,50,0
2019-11-13,151,151,0,37,11,74,36,9,13,0,25,0.1915,0.2766,0.5319,0.6,0.1488,0.2512,1,47,0,14,49,0
2019-11-14,151,151,0,47,19,74,42,14,26,0,116,0.0897,0.1667,0.7436,0.5541,0.0998,0.3461,2,156,0,15,158,0
2019-11-15,152,152,0,47,15,72,37,4,2,0,57,0.0635,0.0317,0.9048,0.5977,0.0383,0.364,1,63,0,15,66,0
2019-11-16,152,152,0,38,6,69,36,3,0,0,14,0.1765,0,0.8235,0.7466,0.0342,0.2192,0,17,0,15,17,0
2019-11-17,153,153,0,33,6,71,36,0,2,0,65,0,0.0299,0.9701,0.4339,0.0635,0.5026,0,67,0,15,68,0
2019-11-18,153,153,0,38,8,73,32,0,12,0,42,0,0.2222,0.7778,0.453,0.2009,0.3462,2,54,0,15,59,0
2019-11-19,153,153,0,50,17,77,34,10,4,0,147,0.0621,0.0248,0.913,0.3527,0.1027,0.5446,4,161,0,15,168,0
2019-11-20,153,153,0,49,19,82,41,20,19,0,53,0.2174,0.2065,0.5761,0.6667,0.121,0.2123,2,92,0,16,98,0
2019-11-21,153,153,0,43,16,78,39,9,20,0,23,0.1731,0.3846,0.4423,0.6262,0.2305,0.1433,2,52,0,16,57,0
2019-11-22,153,153,0,40,11,76,35,1,21,0,141,0.0061,0.1288,0.865,0.1734,0.2035,0.6231,9,163,0,16,174,0
2019-11-23,153,153,0,42,10,78,36,3,22,0,8,0.0909,0.6667,0.2424,0.3361,0.5882,0.0756,3,33,0,16,44,0
2019-11-24,153,153,0,42,14,75,37,2,8,0,85,0.0211,0.0842,0.8947,0.3415,0.1268,0.5317,1,95,0,16,97,0
2019-11-25,153,153,0,37,9,72,39,2,3,0,22,0.0741,0.1111,0.8148,0.604,0.1832,0.2129,0,27,0,16,35,0
2019-11-26,153,153,0,33,15,69,38,10,6,0,90,0.0943,0.0566,0.8491,0.2956,0.2044,0.5,1,106,0,16,343,0
2019-11-27,153,153,0,29,13,67,34,3,2,0,174,0.0168,0.0112,0.9721,0.1944,0.1023,0.7033,2,179,0,16,181,0
2019-11-28,153,153,0,22,4,66,29,1,2,0,10,0.0769,0.1538,0.7692,0.5909,0.2045,0.2045,1,13,0,16,14,0
2019-11-29,153,153,0,18,5,64,28,0,1,0,23,0,0.0417,0.9583,0.2872,0.1596,0.5532,2,24,0,16,26,0
2019-11-30,153,153,0,16,4,64,25,0,0,0,169,0,0,1,0.0685,0.0417,0.8899,7,169,0,16,176,0
2019-12-01,154,154,0,24,7,60,25,1,0,0,68,0.0145,0,0.9855,0.2398,0.0153,0.7449,0,69,0,16,70,0
2019-12-02,154,154,0,29,10,59,26,1,4,0,35,0.025,0.1,0.875,0.4051,0.2025,0.3924,3,40,0,16,46,0
2019-12-03,154,154,0,26,4,54,22,0,0,0,69,0,0,1,0.2744,0.0732,0.6524,2,69,0,16,72,0
2019-12-04,154,154,0,28,10,55,16,1,0,0,151,0.0066,0,0.9934,0.1903,0.0121,0.7976,0,152,0,16,153,0
2019-12-05,154,154,0,31,11,55,19,1,9,0,69,0.0127,0.1139,0.8734,0.3346,0.1504,0.515,1,79,0,16,81,0
2019-12-06,154,154,0,26,11,57,19,0,17,0,40,0,0.2982,0.7018,0.2273,0.3409,0.4318,3,57,0,16,60,0
2019-12-07,154,154,0,29,9,57,20,1,0,0,25,0.0385,0,0.9615,0.6496,0.0803,0.2701,1,26,0,16,28,0
2019-12-08,154,154,0,17,6,58,22,0,0,0,31,0,0,1,0.2526,0.1158,0.6316,0,31,0,16,31,0
2019-12-09,158,158,0,25,14,57,23,0,3,0,114,0,0.0256,0.9744,0.1706,0.0556,0.7738,1,117,0,16,120,0
2019-12-10,160,160,0,24,8,57,24,3,0,0,61,0.0469,0,0.9531,0.2721,0.0272,0.7007,1,64,0,16,70,0
2019-12-11,160,160,0,39,10,60,24,3,6,0,78,0.0345,0.069,0.8966,0.4057,0.0819,0.5125,5,87,0,16,93,0
2019-12-12,160,160,0,25,11,63,26,0,19,0,49,0,0.2794,0.7206,0.1931,0.2822,0.5248,29,68,0,16,100,0
2019-12-13,161,161,0,36,14,66,26,2,14,0,106,0.0164,0.1148,0.8689,0.2542,0.1171,0.6288,3,122,0,16,127,0
2019-12-14,161,161,0,34,7,65,26,1,3,0,38,0.0238,0.0714,0.9048,0.4762,0.0816,0.4422,4,42,0,16,46,0
2019-12-15,164,164,0,23,9,68,27,0,0,0,171,0,0,1,0.1048,0.012,0.8832,3,171,0,16,177,0
2019-12-16,165,165,0,16,1,65,25,0,0,0,1,0,0,1,0.7872,0.1277,0.0851,0,1,0,16,5,0
2019-12-17,166,166,0,35,5,64,24,1,9,0,17,0.037,0.3333,0.6296,0.4855,0.2428,0.2717,1,27,0,15,68,0
2019-12-18,166,166,0,22,11,64,23,0,5,0,29,0,0.1471,0.8529,0.2417,0.1667,0.5917,0,34,0,15,38,0
2019-12-19,167,167,0,33,11,61,23,2,16,0,51,0.029,0.2319,0.7391,0.3409,0.1932,0.4659,4,69,0,15,73,0
2019-12-20,167,167,0,32,6,62,19,0,2,0,30,0,0.0625,0.9375,0.4773,0.125,0.3977,5,32,0,15,38,0
2019-12-21,167,167,0,22,1,61,19,2,0,0,2,0.5,0,0.5,0.814,0.1628,0.0233,1,4,0,15,5,0
2019-12-22,167,167,0,20,3,57,17,1,0,0,3,0.25,0,0.75,0.9189,0.0135,0.0676,0,4,0,15,4,0
2019-12-23,167,167,0,28,6,57,18,1,19,0,9,0.0345,0.6552,0.3103,0.5664,0.2727,0.1608,0,29,0,15,29,0
2019-12-24,167,167,0,23,5,55,19,1,6,0,56,0.0159,0.0952,0.8889,0.2948,0.1561,0.5491,3,63,0,15,66,0
2019-12-25,168,168,0,21,6,54,18,2,2,0,9,0.1538,0.1538,0.6923,0.6471,0.1294,0.2235,0,13,0,15,13,0
2019-12-26,169,169,0,27,5,54,14,0,8,0,8,0,0.5,0.5,0.6602,0.2427,0.0971,0,16,0,15,18,0
2019-12-27,169,169,0,13,4,50,13,0,0,0,9,0,0,1,0.6379,0.0345,0.3276,0,9,0,15,11,0
2019-12-28,170,170,0,10,2,49,14,0,0,0,8,0,0,1,0.4359,0.1538,0.4103,0,8,0,15,8,0
2019-12-29,170,170,0,13,5,48,13,0,5,0,11,0,0.3125,0.6875,0.1458,0.5,0.3542,0,16,0,15,16,0
2019-12-30,170,170,0,15,4,43,11,0,3,0,8,0,0.2727,0.7273,0.2692,0.4038,0.3269,0,11,0,15,11,0
2019-12-31,170,170,0,7,2,39,11,0,2,0,2,0,0.5,0.5,0.4545,0.4091,0.1364,0,4,0,15,6,0
2020-01-01,171,171,0,17,1,40,8,0,0,0,1,0,0,1,0.8462,0.1026,0.0513,0,1,0,15,2,0
2020-01-02,172,172,0,23,0,40,8,0,0,0,0,0,0,0,0.9538,0.0462,0,2,0,0,15,2,0
2020-01-03,172,172,0,13,6,42,9,0,3,0,20,0,0.1304,0.8696,0.2796,0.1075,0.6129,0,23,0,15,25,0
2020-01-04,172,172,0,16,5,44,10,0,1,0,7,0,0.125,0.875,0.4583,0.1458,0.3958,0,8,0,15,8,0
2020-01-05,172,172,0,7,2,45,9,0,0,0,2,0,0,1,0.4615,0.1538,0.3846,0,2,0,15,2,0
2020-01-06,172,172,0,23,4,44,9,2,2,0,4,0.25,0.25,0.5,0.6462,0.1846,0.1692,0,8,0,15,8,0
2020-01-07,172,172,0,13,2,45,9,0,6,0,0,0,1,0,0.4516,0.5161,0.0323,0,6,0,15,6,0
2020-01-08,173,173,0,17,5,46,10,0,1,0,20,0,0.0476,0.9524,0.3521,0.0986,0.5493,0,21,0,15,21,0
2020-01-09,174,174,0,19,4,45,10,0,10,0,2,0,0.8333,0.1667,0.4561,0.4912,0.0526,1,12,0,15,13,0
2020-01-10,175,175,0,25,7,46,9,2,18,0,13,0.0606,0.5455,0.3939,0.5076,0.3409,0.1515,0,33,0,15,36,0
2020-01-11,177,177,0,17,4,46,10,2,0,0,5,0.2857,0,0.7143,0.7059,0.1176,0.1765,0,7,0,15,7,0
2020-01-12,177,177,0,11,3,46,10,0,9,0,2,0,0.8182,0.1818,0.4746,0.4237,0.1017,0,11,0,15,12,0
2020-01-13,179,179,0,25,4,48,11,0,11,0,2,0,0.8462,0.1538,0.5962,0.3654,0.0385,1,13,0,15,18,0
2020-01-14,179,179,0,29,10,53,16,2,9,0,42,0.0377,0.1698,0.7925,0.4217,0.1687,0.4096,0,53,0,15,55,0
2020-01-15,181,181,0,31,10,55,16,2,11,0,24,0.0541,0.2973,0.6486,0.5097,0.1935,0.2968,0,37,0,15,42,0
2020-01-16,181,181,0,40,5,61,18,1,8,0,1,0.1,0.8,0.1,0.8113,0.1509,0.0377,1,10,0,15,16,0
2020-01-17,182,182,0,46,20,68,28,24,6,0,59,0.2697,0.0674,0.6629,0.7414,0.0388,0.2198,0,89,0,15,91,0
2020-01-18,184,184,0,37,11,69,27,11,19,0,14,0.25,0.4318,0.3182,0.5863,0.249,0.1647,9,44,0,16,54,0
2020-01-19,184,184,0,29,8,69,27,4,21,0,6,0.129,0.6774,0.1935,0.555,0.395,0.05,6,31,0,16,38,0
2020-01-20,184,184,0,28,9,68,27,5,4,0,29,0.1316,0.1053,0.7632,0.6455,0.1318,0.2227,3,38,0,16,48,0
2020-01-21,184,184,0,34,5,66,25,2,26,0,5,0.0606,0.7879,0.1515,0.7186,0.2381,0.0433,1,33,0,16,35,0
2020-01-22,184,184,0,40,9,65,25,4,6,0,16,0.1538,0.2308,0.6154,0.6864,0.1525,0.161,2,26,0,16,41,0
2020-01-23,184,184,0,38,7,61,25,2,3,0,3,0.25,0.375,0.375,0.8346,0.1024,0.063,0,8,0,16,9,0
2020-01-24,184,184,0,34,7,58,19,3,0,0,19,0.1364,0,0.8636,0.6857,0.0571,0.2571,1,22,0,16,23,0
2020-01-25,184,184,0,31,4,55,18,3,0,0,21,0.125,0,0.875,0.6396,0.036,0.3243,1,24,0,16,25,0
2020-01-26,184,184,0,18,3,56,17,0,0,0,3,0,0,1,0.7805,0,0.2195,3,3,0,16,6,0
2020-01-27,184,184,0,36,10,58,16,5,4,0,15,0.2083,0.1667,0.625,0.6949,0.113,0.1921,1,24,0,16,25,0
2020-01-28,184,184,0,25,3,59,17,0,0,0,8,0,0,1,0.6761,0.0423,0.2817,0,8,0,16,8,0
2020-01-29,184,184,0,32,3,55,14,16,0,0,14,0.5333,0,0.4667,0.7953,0.0175,0.1871,6,30,0,16,36,0
2020-01-30,184,184,0,30,4,53,14,3,0,0,2,0.6,0,0.4,0.9652,0.0261,0.0087,0,5,0,16,5,0
2020-01-31,184,184,0,23,7,53,14,0,1,0,20,0,0.0476,0.9524,0.6289,0.0103,0.3608,0,21,0,16,21,0
2020-02-01,184,184,0,27,5,51,15,2,0,0,9,0.1818,0,0.8182,0.8553,0,0.1447,0,11,0,16,11,0
2020-02-02,184,184,0,28,8,48,15,5,3,0,61,0.0725,0.0435,0.8841,0.3657,0.0457,0.5886,1,69,0,16,70,0
2020-02-03,184,184,0,38,10,51,16,3,3,0,21,0.1111,0.1111,0.7778,0.623,0.0902,0.2869,0,27,0,16,27,0
2020-02-04,184,184,0,42,7,54,18,1,5,0,60,0.0152,0.0758,0.9091,0.3947,0.1491,0.4561,0,66,0,16,67,0
2020-02-05,187,187,0,33,8,54,19,0,10,0,12,0,0.4545,0.5455,0.4189,0.4324,0.1486,3,22,0,16,25,0
2020-02-06,187,187,0,36,9,57,20,23,15,0,104,0.162,0.1056,0.7324,0.422,0.133,0.445,3,142,0,16,146,0
2020-02-07,187,187,0,19,7,57,23,1,15,0,11,0.037,0.5556,0.4074,0.4937,0.2532,0.2532,0,27,0,16,28,0
2020-02-08,187,187,0,42,9,64,26,5,16,0,34,0.0909,0.2909,0.6182,0.4653,0.2426,0.2921,0,55,0,16,55,0
2020-02-09,187,187,0,25,0,70,26,0,0,0,0,0,0,0,0.8873,0.0845,0.0282,0,0,0,16,1,0
2020-02-10,187,187,0,29,6,71,24,0,5,0,40,0,0.1111,0.8889,0.2405,0.1076,0.6519,1,45,0,16,47,0
2020-02-11,187,187,0,19,6,70,22,0,1,0,18,0,0.0526,0.9474,0.3623,0.1014,0.5362,0,19,0,16,19,0
2020-02-12,187,187,0,20,9,70,21,0,3,0,69,0,0.0417,0.9583,0.1961,0.1046,0.6993,0,72,0,16,73,0
2020-02-13,187,187,0,63,13,75,21,13,3,0,72,0.1477,0.0341,0.8182,0.6548,0.0646,0.2806,1,88,0,16,91,0
2020-02-14,187,187,0,41,7,75,20,1,0,0,49,0.02,0,0.98,0.5,0,0.5,2,50,0,16,52,0
2020-02-15,187,187,0,25,3,75,18,1,8,0,0,0.1111,0.8889,0,0.7632,0.2368,0,0,9,0,16,9,0
2020-02-16,187,187,0,32,5,71,20,1,9,0,4,0.0714,0.6429,0.2857,0.7556,0.1556,0.0889,1,14,0,16,15,0
2020-02-17,187,187,0,32,8,70,20,1,7,0,5,0.0769,0.5385,0.3846,0.7194,0.2014,0.0791,1,13,0,16,15,0
2020-02-18,187,187,0,38,8,72,22,4,3,0,17,0.1667,0.125,0.7083,0.7685,0.0936,0.1379,0,24,0,16,24,0
2020-02-19,187,187,0,37,10,73,26,3,13,0,18,0.0882,0.3824,0.5294,0.6134,0.3093,0.0773,1,34,0,16,37,0
2020-02-20,187,187,0,30,6,60,25,0,2,0,13,0,0.1333,0.8667,0.6095,0.1429,0.2476,2,15,0,16,17,0
2020-02-21,187,187,0,27,10,60,26,1,0,0,95,0.0104,0,0.9896,0.1855,0.0444,0.7702,6,96,0,16,102,0
2020-02-22,187,187,0,26,5,58,28,1,0,0,11,0.0833,0,0.9167,0.675,0.0375,0.2875,0,12,0,16,12,0
2020-02-23,187,187,0,13,2,59,28,0,0,0,17,0,0,1,0.4355,0.0323,0.5323,0,17,0,16,17,0
2020-02-24,187,187,0,36,11,63,28,23,0,0,21,0.5227,0,0.4773,0.8125,0.0132,0.1743,5,44,0,16,51,0
2020-02-25,187,187,0,31,9,63,25,0,0,0,88,0,0,1,0.2261,0,0.7739,10,88,0,16,98,0
2020-02-26,187,187,0,25,4,61,22,2,5,0,7,0.1429,0.3571,0.5,0.6849,0.1233,0.1918,0,14,0,17,17,0
2020-02-27,187,187,0,36,8,61,21,2,0,0,43,0.0444,0,0.9556,0.4481,0.0219,0.5301,0,45,0,17,46,0
2020-02-28,187,187,0,36,15,64,25,18,0,0,42,0.3,0,0.7,0.665,0.0049,0.3301,0,60,0,18,65,0
2020-02-29,187,187,0,26,12,61,28,0,0,0,84,0,0,1,0.3005,0,0.6995,1,84,0,18,89,2
2020-03-01,187,187,0,17,5,60,28,0,0,0,7,0,0,1,0.5781,0.0625,0.3594,1,7,0,18,8,0
2020-03-02,187,187,0,19,5,60,26,5,0,0,25,0.1667,0,0.8333,0.5473,0,0.4527,2,30,0,18,46,7
2020-03-03,187,187,0,29,7,63,25,12,0,0,42,0.2222,0,0.7778,0.4914,0.0171,0.4914,0,54,0,18,60,3
2020-03-04,187,187,0,19,2,58,25,0,3,0,0,0,1,0,0.7021,0.2766,0.0213,0,3,0,18,3,0
2020-03-05,187,187,0,14,4,55,24,0,0,0,25,0,0,1,0.381,0.0357,0.5833,0,25,0,18,29,0
2020-03-06,188,188,0,19,7,50,20,2,0,0,56,0.0345,0,0.9655,0.2937,0.014,0.6923,0,58,0,18,58,0
2020-03-07,188,188,0,20,2,49,15,1,0,0,1,0.5,0,0.5,0.9722,0,0.0278,0,2,0,18,2,0
2020-03-08,188,188,0,8,0,48,13,0,0,0,0,0,0,0,1,0,0,0,0,0,18,0,0
2020-03-09,188,188,0,20,4,44,13,19,0,0,4,0.8261,0,0.1739,0.9238,0.0095,0.0667,0,23,0,18,24,0
2020-03-10,188,188,0,19,0,40,11,0,0,0,0,0,0,0,0.9487,0.0513,0,0,0,0,18,1,0
2020-03-11,188,188,0,15,3,44,11,0,0,0,3,0,0,1,0.7451,0.0196,0.2353,0,3,0,18,3,0
2020-03-12,188,188,0,36,12,48,15,65,0,0,12,0.8442,0,0.1558,0.9365,0.0065,0.057,1,77,0,18,80,0
2020-03-13,188,188,0,26,0,48,13,0,0,0,0,0,0,0,1,0,0,0,0,0,18,0,0
2020-03-14,189,189,0,22,1,49,13,1,0,0,0,1,0,0,1,0,0,0,1,0,18,1,0
2020-03-15,189,189,0,22,4,51,16,0,0,0,6,0,0,1,0.7727,0,0.2273,0,6,0,18,6,0
2020-03-16,189,189,0,24,2,53,16,0,0,0,2,0,0,1,0.8676,0.0147,0.1176,0,2,0,18,3,0
2020-03-17,189,189,0,25,7,54,17,0,1,0,35,0,0.0278,0.9722,0.3034,0.2552,0.4414,0,36,0,18,36,0
2020-03-18,189,189,0,17,6,52,18,0,25,0,20,0,0.5556,0.4444,0.255,0.4966,0.2483,0,45,0,18,46,0
2020-03-19,189,189,0,33,8,52,11,6,7,0,143,0.0385,0.0449,0.9167,0.3086,0.0765,0.6148,1,156,0,18,157,0
2020-03-20,189,189,0,34,8,52,14,4,19,0,42,0.0615,0.2923,0.6462,0.2403,0.4773,0.2825,1,65,0,18,66,0
2020-03-21,190,190,0,34,4,52,15,0,0,0,5,0,0,1,0.6471,0.2451,0.1078,2,5,0,18,7,0
2020-03-22,190,190,0,8,2,51,15,0,0,0,6,0,0,1,0.6667,0.1026,0.2308,0,6,0,18,6,0
2020-03-23,190,190,0,20,6,55,16,0,0,0,36,0,0,1,0.4211,0.0376,0.5414,1,36,0,18,38,0
2020-03-24,191,191,0,38,10,56,16,13,0,0,176,0.0688,0,0.9312,0.3628,0.009,0.6282,2,189,0,18,191,0
2020-03-25,191,191,0,33,7,57,17,3,0,0,413,0.0072,0,0.9928,0.1028,0.001,0.8962,3,416,0,18,421,0
2020-03-26,192,192,0,38,12,59,19,9,0,0,110,0.0756,0,0.9244,0.3984,0.0027,0.5989,0,119,0,18,119,0
2020-03-27,192,192,0,32,5,56,18,1,0,0,20,0.0476,0,0.9524,0.5882,0,0.4118,0,21,0,18,21,0
2020-03-28,192,192,0,31,6,55,18,1,0,0,13,0.0714,0,0.9286,0.7097,0,0.2903,0,14,0,18,14,0
2020-03-29,192,192,0,14,5,55,20,0,6,0,33,0,0.1538,0.8462,0.3023,0.093,0.6047,0,39,0,18,39,0
2020-03-30,192,192,0,16,5,56,20,0,5,0,21,0,0.1923,0.8077,0.2727,0.1818,0.5455,0,26,0,18,26,0
2020-03-31,193,193,0,18,7,58,20,0,8,0,7,0,0.5333,0.4667,0.2826,0.4565,0.2609,0,15,0,18,16,0
2020-04-01,193,193,0,34,7,58,19,4,13,0,26,0.093,0.3023,0.6047,0.5353,0.1824,0.2824,0,43,0,18,44,0
2020-04-02,193,193,0,31,5,55,18,1,0,0,45,0.0217,0,0.9783,0.4667,0,0.5333,0,46,0,18,47,0
2020-04-03,193,193,0,28,6,53,18,8,0,0,5,0.6154,0,0.3846,0.8471,0.0118,0.1412,0,13,0,18,14,0
2020-04-04,193,193,0,22,4,53,16,6,0,0,1,0.8571,0,0.1429,0.9355,0,0.0645,1,7,0,18,8,0
2020-04-05,193,193,0,26,7,56,17,1,3,0,38,0.0238,0.0714,0.9048,0.4109,0.0465,0.5426,0,42,0,18,42,0
2020-04-06,193,193,0,34,10,55,20,8,0,0,43,0.1569,0,0.8431,0.578,0.0183,0.4037,0,51,0,18,51,0
2020-04-07,193,193,0,28,8,53,20,2,0,0,27,0.069,0,0.931,0.4766,0.0467,0.4766,0,29,0,18,29,0
2020-04-08,193,193,0,10,3,50,20,0,3,0,4,0,0.4286,0.5714,0.24,0.56,0.2,0,7,0,18,7,0
2020-04-09,193,193,0,30,10,49,22,13,0,0,54,0.194,0,0.806,0.4371,0.018,0.5449,0,67,0,18,67,0
2020-04-10,193,193,0,26,4,45,20,3,0,0,1,0.75,0,0.25,0.9259,0.037,0.037,0,4,0,18,4,0
2020-04-11,193,193,0,10,2,46,20,1,0,0,1,0.5,0,0.5,0.8571,0.0714,0.0714,0,2,0,18,2,0
2020-04-12,193,193,0,13,4,45,19,0,0,0,35,0,0,1,0.1618,0.0441,0.7941,1,35,0,18,36,0
2020-04-13,193,193,0,16,8,41,17,0,0,0,46,0,0,1,0.176,0.016,0.808,2,46,0,18,48,0
2020-04-14,193,193,0,30,7,43,17,4,0,0,7,0.3636,0,0.6364,0.7,0,0.3,1,11,0,18,12,0
2020-04-15,193,193,0,23,11,45,18,2,5,0,87,0.0213,0.0532,0.9255,0.1475,0.0691,0.7834,0,94,0,18,94,0
2020-04-16,195,195,0,28,8,47,15,11,0,0,195,0.0534,0,0.9466,0.1646,0.0042,0.8313,3,206,0,18,211,0
2020-04-17,195,195,0,29,10,46,16,1,0,0,86,0.0115,0,0.9885,0.2447,0.0042,0.7511,0,87,0,18,88,0
2020-04-18,195,195,0,19,4,47,16,0,0,0,52,0,0,1,0.2378,0,0.7622,0,52,0,18,52,0
2020-04-19,195,195,0,13,2,48,16,0,0,0,11,0,0,1,0.34,0,0.66,0,11,0,18,11,0
2020-04-20,195,195,0,26,6,49,16,1,0,0,41,0.0238,0,0.9762,0.3053,0,0.6947,0,42,0,18,43,0
2020-04-21,195,195,0,24,7,52,17,2,0,0,37,0.0513,0,0.9487,0.3509,0,0.6491,0,39,0,18,40,0
2020-04-22,195,195,0,31,7,53,16,1,2,0,52,0.0182,0.0364,0.9455,0.3077,0.0288,0.6635,1,55,0,18,56,0
2020-04-23,195,195,0,36,10,49,17,5,0,0,38,0.1163,0,0.8837,0.6373,0,0.3627,1,43,0,18,44,0
2020-04-24,195,195,0,28,13,48,18,15,6,0,54,0.2,0.08,0.72,0.4,0.0791,0.5209,1,75,0,18,76,0
2020-04-25,195,195,0,7,0,48,18,0,0,0,0,0,0,0,1,0,0,0,0,0,18,0,0
2020-04-26,195,195,0,21,8,47,18,1,7,0,19,0.037,0.2593,0.7037,0.398,0.1837,0.4184,0,27,0,18,29,0
2020-04-27,195,195,0,19,5,48,18,0,0,0,12,0,0,1,0.5254,0,0.4746,0,12,0,18,12,0
2020-04-28,195,195,0,30,8,49,17,2,20,0,116,0.0145,0.1449,0.8406,0.2136,0.1517,0.6347,1,138,0,18,139,0
2020-04-29,197,197,0,29,5,51,17,3,0,0,187,0.0158,0,0.9842,0.141,0.0026,0.8564,3,190,0,18,196,0
2020-04-30,197,197,0,31,5,50,16,3,0,0,19,0.1364,0,0.8636,0.6768,0,0.3232,0,22,0,18,23,0
2020-05-01,197,197,0,24,6,50,14,5,0,0,20,0.2,0,0.8,0.6696,0,0.3304,1,25,0,18,27,0
2020-05-02,197,197,0,18,3,50,14,0,9,0,1,0,0.9,0.1,0.6792,0.2642,0.0566,0,10,0,18,10,0
2020-05-03,197,197,0,8,4,50,13,0,5,0,0,0,1,0,0.5263,0.4737,0,0,5,0,18,5,0
2020-05-04,197,197,0,29,6,51,13,1,2,0,15,0.0556,0.1111,0.8333,0.6022,0.0968,0.3011,0,18,0,18,19,0
2020-05-05,197,197,0,29,5,52,13,1,1,0,5,0.1429,0.1429,0.7143,0.7121,0.1212,0.1667,0,7,0,18,7,0
2020-05-06,197,197,0,28,5,49,13,6,4,0,0,0.6,0.4,0,0.85,0.1375,0.0125,0,10,0,18,10,0
2020-05-07,197,197,0,14,2,45,13,1,0,0,49,0.02,0,0.98,0.2051,0.0171,0.7778,1,50,0,18,51,0
2020-05-08,197,197,0,21,2,47,13,1,0,0,2,0.3333,0,0.6667,0.9,0.075,0.025,0,3,0,18,3,0
2020-05-09,197,197,0,8,1,48,13,0,0,0,4,0,0,1,0.7778,0,0.2222,0,4,0,18,4,0
2020-05-10,197,197,0,7,1,46,11,0,0,0,1,0,0,1,0.92,0,0.08,0,1,0,18,1,0
2020-05-11,197,197,0,26,5,47,10,0,0,0,11,0,0,1,0.6571,0,0.3429,0,11,0,18,12,0
2020-05-12,197,197,0,12,2,46,10,0,0,0,7,0,0,1,0.5854,0,0.4146,0,7,0,18,7,0
2020-05-13,197,197,0,33,5,48,9,1,0,0,45,0.0217,0,0.9783,0.4444,0.0261,0.5294,0,46,0,18,46,0
2020-05-14,199,199,0,19,6,53,11,2,0,0,13,0.1333,0,0.8667,0.5806,0,0.4194,0,15,0,18,17,0
2020-05-15,199,199,0,16,3,54,12,0,0,0,67,0,0,1,0.1045,0.0075,0.8881,3,67,0,18,72,0
2020-05-16,199,199,0,11,2,53,11,2,0,0,6,0.25,0,0.75,0.7857,0,0.2143,0,8,0,18,8,0
2020-05-17,199,199,0,15,0,54,11,0,0,0,0,0,0,0,1,0,0,0,0,0,18,0,0
2020-05-18,199,199,0,21,4,54,11,2,0,0,3,0.4,0,0.6,0.9189,0.0135,0.0676,1,5,0,18,6,0
2020-05-19,199,199,0,18,2,53,12,0,0,0,2,0,0,1,0.8788,0,0.1212,0,2,0,18,4,0
2020-05-20,199,199,0,19,3,52,12,3,0,0,0,1,0,0,0.9778,0,0.0222,0,3,0,18,3,0
2020-05-21,199,199,0,13,2,49,10,3,0,0,0,1,0,0,0.9355,0,0.0645,0,3,0,18,3,0
2020-05-22,199,199,0,13,2,43,11,1,0,0,2,0.3333,0,0.6667,0.8182,0.0455,0.1364,0,3,0,18,3,0
2020-05-23,199,199,0,15,0,41,9,0,0,0,0,0,0,0,0.9048,0.0952,0,0,0,0,18,0,0
2020-05-24,199,199,0,5,0,42,9,0,0,0,0,0,0,0,0.8571,0,0.1429,0,0,0,18,0,0
2020-05-25,199,199,0,2,0,41,7,0,0,0,0,0,0,0,1,0,0,0,0,0,18,0,0
2020-05-26,199,199,0,21,4,39,7,0,0,0,13,0,0,1,0.5185,0,0.4815,2,13,0,18,15,0
2020-05-27,199,199,0,20,4,36,7,3,0,0,11,0.2143,0,0.7857,0.6724,0,0.3276,1,14,0,18,15,0
2020-05-28,199,199,0,12,0,38,6,0,0,0,0,0,0,0,1,0,0,0,0,0,18,0,0
2020-05-29,199,199,0,3,0,36,5,0,0,0,0,0,0,0,1,0,0,0,0,0,18,0,0
2020-05-30,199,199,0,1,0,35,5,0,0,0,0,0,0,0,1,0,0,0,0,0,18,0,0
2020-05-31,199,199,0,4,2,35,7,0,0,0,8,0,0,1,0.125,0,0.875,2,8,0,18,10,0
2020-06-01,199,199,0,1,0,34,7,0,0,0,0,0,0,0,1,0,0,0,0,0,18,0,0
2020-06-02,199,199,0,3,0,33,6,0,0,0,0,0,0,0,0.75,0,0.25,0,0,0,18,0,0
2020-06-03,199,199,0,24,3,34,4,4,0,0,0,1,0,0,1,0,0,0,4,0,19,4,0
2020-06-04,199,199,0,18,1,31,5,1,0,0,0,1,0,0,1,0,0,0,1,0,18,1,0
2020-06-05,199,199,0,3,0,30,5,0,0,0,0,0,0,0,1,0,0,0,0,0,18,0,0
2020-06-06,199,199,0,23,2,36,7,2,0,0,0,1,0,0,0.9778,0.0222,0,0,2,0,18,2,0
2020-06-07,199,199,0,11,1,37,7,1,0,0,0,1,0,0,1,0,0,0,1,0,18,1,0
2020-06-08,199,199,0,14,0,38,7,0,0,0,0,0,0,0,1,0,0,0,0,0,18,0,0
2020-06-09,199,199,0,4,0,37,7,0,0,0,0,0,0,0,1,0,0,0,0,0,18,0,0
2020-06-10,199,199,0,5,3,38,7,0,0,0,18,0,0,1,0.0667,0,0.9333,0,18,0,18,18,0
2020-06-11,199,199,0,1,0,38,6,0,0,0,0,0,0,0,1,0,0,0,0,0,18,0,0
2020-06-12,199,199,0,5,0,36,6,0,0,0,0,0,0,0,0.8571,0,0.1429,2,0,0,18,1,0
2020-06-13,199,199,0,13,0,34,4,0,0,0,0,0,0,0,1,0,0,0,0,0,18,0,0
2020-06-14,199,199,0,9,1,33,4,1,0,0,0,1,0,0,1,0,0,1,1,0,18,2,0
2020-06-15,199,199,0,19,1,35,5,4,0,0,0,1,0,0,1,0,0,1,4,0,18,5,0
2020-06-16,199,199,0,8,2,32,6,0,0,0,9,0,0,1,0.6923,0,0.3077,0,9,0,18,9,0
2020-06-17,199,199,0,20,2,31,5,2,0,0,0,1,0,0,0.963,0,0.037,0,2,0,18,2,0
2020-06-18,199,199,0,4,0,33,5,0,0,0,0,0,0,0,1,0,0,0,0,0,18,0,0
2020-06-19,199,199,0,3,0,33,5,0,0,0,0,0,0,0,1,0,0,0,0,0,18,0,0
2020-06-20,199,199,0,0,0,32,5,0,0,0,0,0,0,0,0,0,0,0,0,0,18,0,0
2020-06-21,199,199,0,2,0,32,5,0,0,0,0,0,0,0,1,0,0,0,0,0,18,0,0
2020-06-22,199,199,0,2,0,29,4,0,0,0,0,0,0,0,1,0,0,0,0,0,18,0,0
2020-06-23,199,199,0,3,0,31,2,0,0,0,0,0,0,0,1,0,0,0,0,0,18,0,0
2020-06-24,199,199,0,0,0,14,0,0,0,0,0,0,0,0,0,0,0,0,0,0,18,0,0
2020-06-25,200,200,0,1,0,11,0,0,0,0,0,0,0,0,1,0,0,0,0,0,18,0,0
2020-06-26,200,200,0,2,0,10,0,0,0,0,0,0,0,0,1,0,0,0,0,0,18,1,0
2020-06-27,200,200,0,2,0,12,0,0,0,0,0,0,0,0,0.6,0.2,0.2,0,0,0,18,1,0
2020-06-28,200,200,0,1,0,11,0,0,0,0,0,0,0,0,1,0,0,0,0,0,18,0,0
2020-06-29,200,200,0,1,0,9,0,0,0,0,0,0,0,0,0,0,1,0,0,0,18,1,0
2020-06-30,200,200,0,5,4,11,4,0,0,0,12,0,0,1,0.069,0.0345,0.8966,0,12,0,18,13,0
2020-07-01,200,200,0,5,2,12,4,0,0,0,5,0,0,1,0.25,0,0.75,0,5,0,18,6,0
2020-07-02,200,200,0,1,0,11,4,0,0,0,0,0,0,0,0,0,1,0,0,0,18,0,0
2020-07-03,200,200,0,4,4,9,5,0,0,0,13,0,0,1,0.0588,0,0.9412,0,13,0,18,13,0
2020-07-04,200,200,0,1,0,8,5,0,0,0,0,0,0,0,0,0,1,0,0,0,18,0,0
2020-07-05,200,200,0,0,0,7,5,0,0,0,0,0,0,0,0,0,0,0,0,0,18,0,0
2020-07-06,200,200,0,5,2,9,7,0,0,0,15,0,0,1,0.1154,0,0.8846,0,15,0,18,15,0
2020-07-07,200,200,0,13,2,19,8,3,0,0,0,1,0,0,1,0,0,0,3,0,18,3,0
2020-07-08,200,200,0,9,0,26,8,0,0,0,0,0,0,0,0.9,0,0.1,0,0,0,18,0,0
2020-07-09,200,200,0,7,2,31,9,0,0,0,3,0,0,1,0.7273,0,0.2727,0,3,0,18,3,0
2020-07-10,200,200,0,15,2,34,7,4,0,0,0,1,0,0,1,0,0,0,4,0,18,4,0
2020-07-11,200,200,0,6,0,35,7,0,0,0,0,0,0,0,1,0,0,0,0,0,18,0,0
2020-07-12,200,200,0,4,0,36,7,0,0,0,0,0,0,0,1,0,0,0,0,0,18,0,0
2020-07-13,200,200,0,9,3,39,8,0,0,0,8,0,0,1,0.5714,0.0476,0.381,0,8,0,18,8,0
2020-07-14,200,200,0,18,1,39,6,0,0,0,4,0,0,1,0.8182,0,0.1818,1,4,0,18,5,0
2020-07-15,200,200,0,9,2,37,6,0,0,0,4,0,0,1,0.6875,0,0.3125,0,4,0,18,4,0
2020-07-16,202,202,0,22,3,38,6,1,0,0,3,0.25,0,0.75,0.871,0,0.129,1,4,0,18,5,0
2020-07-17,203,203,0,17,3,40,6,3,0,0,0,1,0,0,0.9615,0,0.0385,0,3,0,18,4,0
2020-07-18,203,203,0,17,4,40,6,6,0,0,2,0.75,0,0.25,0.95,0,0.05,0,8,0,18,8,0
2020-07-19,203,203,0,8,0,42,6,0,0,0,0,0,0,0,0.9091,0.0909,0,0,0,0,18,0,0
2020-07-20,208,208,0,16,0,42,5,0,0,0,0,0,0,0,1,0,0,1,0,0,18,2,0
2020-07-21,211,211,0,16,1,44,6,1,0,0,0,1,0,0,1,0,0,0,1,0,18,8,0
2020-07-22,213,213,0,15,0,45,6,0,0,0,0,0,0,0,1,0,0,0,0,0,18,1,0
2020-07-23,213,213,0,11,0,44,6,0,0,0,0,0,0,0,1,0,0,0,0,0,18,7,0
2020-07-24,213,213,0,5,0,43,5,0,0,0,0,0,0,0,0.8571,0,0.1429,0,0,0,18,0,0
2020-07-25,213,213,0,1,0,41,1,0,0,0,0,0,0,0,1,0,0,0,0,0,18,0,0
2020-07-26,214,214,0,2,0,43,1,0,0,0,0,0,0,0,1,0,0,0,0,0,18,0,0
2020-07-27,215,215,0,10,3,44,4,6,0,0,1,0.8571,0,0.1429,1,0,0,0,7,0,18,8,0
2020-07-28,217,217,0,16,0,41,3,0,0,0,0,0,0,0,1,0,0,0,0,0,18,0,0
2020-07-29,219,219,0,28,0,50,3,0,0,0,0,0,0,0,0.525,0.025,0.45,0,0,0,18,228,2
2020-07-30,222,222,0,9,1,48,4,1,0,0,0,1,0,0,0.5625,0,0.4375,0,1,0,18,2,0
2020-07-31,224,224,0,6,0,51,4,0,0,0,0,0,0,0,0.6667,0,0.3333,0,0,0,18,2,0
2020-08-01,224,224,0,10,1,51,5,1,0,0,0,1,0,0,1,0,0,0,1,0,18,1,0
2020-08-02,225,225,0,8,0,51,5,0,0,0,0,0,0,0,0.9,0,0.1,0,0,0,18,0,0
2020-08-03,227,227,0,26,4,55,5,18,0,0,0,1,0,0,0.9462,0,0.0538,0,18,0,18,21,0
2020-08-04,229,229,0,25,8,59,12,1,0,0,10,0.0909,0,0.9091,0.56,0.04,0.4,0,11,0,18,14,0
2020-08-05,230,230,0,7,0,51,12,0,0,0,0,0,0,0,0.7778,0,0.2222,0,0,0,18,4,0
2020-08-06,231,231,0,21,5,52,15,11,0,0,39,0.22,0,0.78,0.4627,0,0.5373,0,50,0,18,54,0
2020-08-07,232,232,0,23,4,52,15,3,0,0,4,0.4286,0,0.5714,0.7027,0,0.2973,0,7,0,18,9,0
2020-08-08,232,232,0,4,0,52,15,0,0,0,0,0,0,0,1,0,0,0,0,0,19,0,0
2020-08-09,232,232,0,1,0,49,15,0,0,0,0,0,0,0,1,0,0,0,0,0,19,0,0
2020-08-10,232,232,0,8,3,46,14,4,0,0,4,0.5,0,0.5,0.44,0,0.56,0,8,0,19,8,0
2020-08-11,233,233,0,10,2,42,7,0,0,0,5,0,0,1,0.55,0,0.45,0,5,0,19,6,0
2020-08-12,234,234,0,14,0,44,7,0,0,0,0,0,0,0,0.6316,0,0.3684,0,0,0,19,1,0
2020-08-13,235,235,0,4,0,45,7,0,0,0,0,0,0,0,0.75,0,0.25,0,0,0,19,2,0
2020-08-14,236,236,0,9,1,33,5,0,0,0,1,0,0,1,0.5,0,0.5,0,1,0,19,2,0
2020-08-15,236,236,0,1,0,30,5,0,0,0,0,0,0,0,1,0,0,0,0,0,19,0,0
2020-08-16,238,238,0,3,0,33,5,0,0,0,0,0,0,0,0.8333,0.1667,0,0,0,0,19,0,0
2020-08-17,238,238,0,4,0,33,3,0,0,0,0,0,0,0,0.4,0,0.6,0,0,0,19,3,0
2020-08-18,238,238,0,3,0,31,1,0,0,0,0,0,0,0,0.75,0,0.25,0,0,0,19,1,0
2020-08-19,238,238,0,6,2,25,3,0,0,0,13,0,0,1,0.4118,0,0.5882,0,13,0,19,15,0
2020-08-20,238,238,0,9,1,29,4,0,0,0,1,0,0,1,0.7143,0,0.2857,0,1,0,19,1,0
2020-08-21,241,241,0,26,6,43,8,5,0,0,1,0.8333,0,0.1667,0.95,0,0.05,0,6,0,19,7,0
2020-08-22,241,241,0,8,1,46,9,1,0,0,0,1,0,0,0.8889,0,0.1111,0,1,0,19,1,0
2020-08-23,241,241,0,4,0,46,9,0,0,0,0,0,0,0,0.8571,0,0.1429,0,0,0,19,0,0
2020-08-24,241,241,0,12,0,49,9,0,0,0,0,0,0,0,0.7778,0.0556,0.1667,0,0,0,19,2,0
2020-08-25,241,241,0,23,3,50,12,3,0,0,0,1,0,0,1,0,0,0,3,0,19,3,0
2020-08-26,267,267,0,50,12,76,20,19,0,0,13,0.5938,0,0.4063,0.8776,0,0.1224,0,32,0,20,35,0
2020-08-27,279,279,0,60,16,90,29,21,0,0,63,0.25,0,0.75,0.7611,0.0056,0.2333,3,84,0,21,108,0
2020-08-28,283,283,0,49,15,96,34,21,0,0,3,0.875,0,0.125,0.8919,0,0.1081,2,24,0,21,44,0
2020-08-29,284,284,0,53,7,102,37,3,2,0,13,0.1667,0.1111,0.7222,0.7309,0.0897,0.1794,0,18,0,25,41,2
2020-08-30,293,293,0,65,34,112,52,6,127,0,62,0.0308,0.6513,0.3179,0.3135,0.4775,0.209,3,195,0,25,206,0
2020-08-31,299,299,0,74,30,120,61,6,21,0,145,0.0349,0.1221,0.843,0.4266,0.0909,0.4825,1,172,0,25,234,0
2020-09-01,304,304,0,88,44,132,75,41,78,0,203,0.1273,0.2422,0.6304,0.5594,0.1801,0.2605,2,322,0,29,344,0
2020-09-02,311,311,0,89,40,135,83,45,39,0,107,0.2356,0.2042,0.5602,0.7337,0.0962,0.1701,2,191,0,33,215,0
2020-09-03,314,314,0,76,32,134,85,25,6,0,138,0.1479,0.0355,0.8166,0.6705,0.0271,0.3023,0,169,0,34,180,0
2020-09-04,314,314,0,78,36,134,87,98,2,0,95,0.5026,0.0103,0.4872,0.6819,0.0096,0.3084,8,195,0,36,220,0
2020-09-05,314,314,0,67,25,137,90,26,17,0,138,0.1436,0.0939,0.7624,0.532,0.0808,0.3872,0,181,0,36,181,0
2020-09-06,314,314,0,61,11,135,84,6,3,0,16,0.24,0.12,0.64,0.7131,0.1311,0.1557,0,25,0,36,25,0
2020-09-07,314,314,0,53,24,137,85,13,11,0,71,0.1368,0.1158,0.7474,0.5556,0.1022,0.3422,2,95,0,36,104,0
2020-09-08,314,314,0,61,35,131,79,22,27,0,101,0.1467,0.18,0.6733,0.4268,0.2622,0.311,2,150,0,36,152,0
2020-09-09,314,314,0,75,39,124,78,66,94,0,207,0.1798,0.2561,0.564,0.5416,0.211,0.2474,0,367,0,37,369,0
2020-09-10,316,316,0,80,37,125,77,43,62,0,290,0.1089,0.157,0.7342,0.4469,0.1127,0.4403,6,395,0,37,405,0
2020-09-11,316,316,0,85,37,122,75,33,21,0,245,0.1104,0.0702,0.8194,0.5437,0.0592,0.3972,7,299,0,37,314,0
2020-09-12,317,317,0,37,15,120,71,28,0,0,139,0.1677,0,0.8323,0.291,0.0082,0.7008,1,167,0,37,169,0
2020-09-13,317,317,0,47,10,114,71,6,0,0,84,0.0667,0,0.9333,0.3825,0.0109,0.6066,0,90,0,37,91,0
2020-09-14,317,317,0,77,30,113,74,73,2,0,192,0.2734,0.0075,0.7191,0.6107,0.0089,0.3804,1,267,0,37,298,0
2020-09-15,317,317,0,59,26,114,69,49,31,0,291,0.1321,0.0836,0.7844,0.2937,0.0725,0.6338,1,371,0,37,379,0
2020-09-16,320,320,0,72,41,111,69,66,100,0,392,0.1183,0.1792,0.7025,0.4975,0.1015,0.401,8,558,0,42,578,1
2020-09-17,321,321,0,78,42,112,71,83,92,0,285,0.1804,0.2,0.6196,0.5405,0.1215,0.338,9,460,0,42,473,0
2020-09-18,321,321,0,71,38,110,70,59,36,0,251,0.1705,0.104,0.7254,0.427,0.121,0.452,1,346,0,42,361,0
2020-09-19,321,321,0,40,22,109,70,3,11,0,37,0.0588,0.2157,0.7255,0.3644,0.2288,0.4068,1,51,0,42,52,0
2020-09-20,321,321,0,46,23,109,72,39,3,0,85,0.3071,0.0236,0.6693,0.5316,0.0632,0.4053,0,127,0,42,130,0
2020-09-21,323,323,0,70,31,110,72,133,21,0,536,0.1928,0.0304,0.7768,0.3812,0.0419,0.577,6,690,0,42,702,0
2020-09-22,323,323,0,75,38,107,71,41,21,0,567,0.0652,0.0334,0.9014,0.3474,0.0282,0.6244,8,629,0,43,639,0
2020-09-23,325,325,0,75,45,109,71,53,60,0,583,0.0761,0.0862,0.8376,0.392,0.066,0.542,7,696,0,44,707,2
2020-09-24,327,327,0,76,46,113,71,125,82,0,600,0.1549,0.1016,0.7435,0.3203,0.0875,0.5922,12,807,0,44,836,0
2020-09-25,328,328,0,69,38,114,70,15,1,0,476,0.0305,0.002,0.9675,0.3097,0.0041,0.6862,7,492,0,44,511,0
2020-09-26,330,330,0,64,17,116,67,27,8,0,14,0.551,0.1633,0.2857,0.8586,0.0419,0.0995,0,49,0,44,49,0
2020-09-27,331,331,0,60,22,118,68,63,5,0,206,0.2299,0.0182,0.7518,0.4194,0.023,0.5576,1,274,0,44,275,0
2020-09-28,331,331,0,62,34,117,69,34,11,0,326,0.0916,0.0296,0.8787,0.3043,0.0271,0.6686,3,371,0,44,404,0
2020-09-29,333,333,0,67,38,115,73,25,39,0,346,0.061,0.0951,0.8439,0.2733,0.073,0.6537,3,410,0,44,421,0
2020-09-30,333,333,0,76,44,111,72,34,25,0,407,0.073,0.0536,0.8734,0.3886,0.0648,0.5467,4,466,0,45,480,1
2020-10-01,334,334,0,73,36,107,68,39,50,0,832,0.0423,0.0543,0.9034,0.2652,0.0623,0.6725,15,921,0,45,939,0
2020-10-02,335,335,0,76,43,109,71,28,69,3,658,0.0371,0.0914,0.8715,0.2665,0.0824,0.6512,14,755,0,46,789,0
2020-10-03,336,336,0,55,23,109,72,24,8,1,310,0.0702,0.0234,0.9064,0.3673,0,0.6327,7,342,0,46,349,0
2020-10-04,337,337,0,43,17,109,69,20,3,0,325,0.0575,0.0086,0.9339,0.2184,0.0115,0.7701,7,348,0,46,355,0
2020-10-05,337,337,0,51,33,109,66,46,12,1,455,0.0897,0.0234,0.8869,0.2451,0.0433,0.7115,9,513,0,46,524,0
2020-10-06,337,337,0,72,36,108,65,47,20,4,599,0.0706,0.03,0.8994,0.4137,0.0276,0.5587,11,666,0,46,675,0
2020-10-07,337,337,0,69,37,106,64,79,65,5,533,0.1167,0.096,0.7873,0.3231,0.0786,0.5983,2,677,0,46,682,0
2020-10-08,338,338,0,63,34,106,64,93,4,0,388,0.1918,0.0082,0.8,0.5821,0.0103,0.4076,3,485,0,46,488,0
2020-10-09,338,338,0,71,34,104,59,34,10,0,342,0.0881,0.0259,0.886,0.3943,0.0271,0.5786,4,386,0,46,400,0
2020-10-10,338,338,0,57,19,101,58,17,0,0,59,0.2237,0,0.7763,0.7079,0.005,0.2871,2,76,0,46,79,0
2020-10-11,340,340,0,62,27,105,59,16,19,3,177,0.0755,0.0896,0.8349,0.4797,0.0711,0.4492,8,212,0,46,226,0
2020-10-12,340,340,0,74,37,110,58,65,12,0,381,0.1419,0.0262,0.8319,0.4127,0.0217,0.5656,7,458,0,46,498,1
2020-10-13,342,342,0,76,38,110,64,29,24,0,586,0.0454,0.0376,0.9171,0.3484,0.0316,0.6201,5,639,0,46,655,0
2020-10-14,342,342,0,68,32,108,63,19,35,0,269,0.0588,0.1084,0.8328,0.3689,0.1262,0.5049,3,323,0,46,334,1
2020-10-15,342,342,0,62,32,109,60,71,12,0,451,0.133,0.0225,0.8446,0.3457,0.0343,0.62,4,534,0,46,537,0
2020-10-16,343,343,0,73,28,110,61,18,62,0,75,0.1161,0.4,0.4839,0.5782,0.1955,0.2263,4,155,0,46,172,0
2020-10-17,343,343,0,53,26,112,63,21,2,0,139,0.1296,0.0123,0.858,0.3028,0.0279,0.6693,2,162,0,46,164,0
2020-10-18,343,343,0,66,35,109,64,59,12,0,368,0.1344,0.0273,0.8383,0.3083,0.017,0.6746,4,439,0,46,443,0
2020-10-19,343,343,0,71,41,109,61,25,58,0,1100,0.0211,0.049,0.9298,0.1488,0.0472,0.8041,21,1183,0,46,1204,0
2020-10-20,344,344,0,74,41,107,59,35,93,4,599,0.0481,0.1279,0.8239,0.2467,0.1188,0.6345,4,727,0,46,734,0
2020-10-21,346,346,0,72,41,109,61,56,118,0,755,0.0603,0.127,0.8127,0.167,0.1538,0.6792,13,929,0,46,950,0
2020-10-22,348,348,0,82,47,113,66,80,30,0,932,0.0768,0.0288,0.8944,0.2904,0.0236,0.686,15,1042,0,46,1070,0
2020-10-23,349,349,0,86,57,115,72,100,76,0,984,0.0862,0.0655,0.8483,0.3251,0.0713,0.6036,28,1160,0,46,1202,0
2020-10-24,349,349,0,63,36,115,73,10,36,0,640,0.0146,0.0525,0.9329,0.1407,0.0874,0.7719,13,686,0,46,708,0
2020-10-25,349,349,0,58,19,110,73,8,6,0,247,0.0307,0.023,0.9464,0.2986,0.0254,0.6761,2,261,0,46,264,0
2020-10-26,349,349,0,80,41,110,75,142,45,0,548,0.1932,0.0612,0.7456,0.3786,0.0462,0.5751,9,735,0,45,771,0
2020-10-27,351,351,0,71,36,113,76,110,15,0,482,0.1812,0.0247,0.7941,0.4124,0.0283,0.5593,12,607,0,45,637,0
2020-10-28,351,351,0,78,34,112,75,219,36,0,481,0.2976,0.0489,0.6535,0.5517,0.0401,0.4082,6,736,0,45,744,1
2020-10-29,351,351,0,83,38,111,74,74,29,0,455,0.1326,0.052,0.8154,0.3907,0.0808,0.5285,8,558,0,45,572,1
2020-10-30,351,351,0,69,38,114,67,155,1,0,946,0.1407,0.0009,0.8584,0.2917,0.0042,0.7041,17,1102,0,45,1133,0
2020-10-31,351,351,0,67,29,114,65,14,17,0,483,0.0272,0.0331,0.9397,0.1899,0.043,0.7671,9,514,0,45,548,1
2020-11-01,351,351,0,61,37,115,70,71,10,0,255,0.2113,0.0298,0.7589,0.5977,0.0291,0.3732,12,336,0,45,364,0
2020-11-02,352,352,0,77,49,113,68,92,12,0,829,0.0986,0.0129,0.8885,0.2585,0.0274,0.714,5,933,0,45,962,0
2020-11-03,352,352,0,83,41,110,69,110,61,0,385,0.1978,0.1097,0.6924,0.4989,0.1133,0.3879,14,556,0,45,615,2
2020-11-04,352,352,0,61,38,110,68,68,0,0,1100,0.0582,0,0.9418,0.1802,0.0054,0.8144,32,1168,0,45,1190,0
2020-11-05,352,352,0,79,37,108,65,45,20,0,652,0.0628,0.0279,0.9093,0.3362,0.0398,0.6239,9,717,0,45,729,0
2020-11-06,352,352,0,78,40,109,67,195,7,0,671,0.2234,0.008,0.7686,0.4161,0.0119,0.572,23,873,0,45,909,0
2020-11-07,352,352,0,78,33,113,70,30,39,0,468,0.0559,0.0726,0.8715,0.3737,0.0638,0.5625,5,537,0,45,545,0
2020-11-08,352,352,0,71,37,113,69,52,41,0,323,0.125,0.0986,0.7764,0.3687,0.1011,0.5302,7,416,0,45,432,0
2020-11-09,353,353,0,93,45,119,69,98,97,2,962,0.0847,0.0838,0.8315,0.3072,0.0688,0.624,20,1157,0,47,1572,1
2020-11-10,356,356,0,87,46,120,72,48,159,2,731,0.0512,0.1695,0.7793,0.237,0.1651,0.5979,46,938,0,47,995,1
2020-11-11,356,356,0,65,38,122,70,51,15,0,643,0.0719,0.0212,0.9069,0.1661,0.0386,0.7953,8,709,0,49,723,1
2020-11-12,357,357,0,72,37,120,69,22,19,0,250,0.0756,0.0653,0.8591,0.4644,0.0597,0.4759,5,291,0,49,323,0
2020-11-13,358,358,0,66,42,122,71,87,14,2,1124,0.071,0.0114,0.9176,0.2278,0.0187,0.7535,11,1225,0,49,1258,0
2020-11-14,359,359,0,66,38,123,72,143,25,0,285,0.3157,0.0552,0.6291,0.4726,0.0774,0.4501,6,453,0,49,481,0
2020-11-15,359,359,0,69,37,120,70,15,20,0,262,0.0505,0.0673,0.8822,0.3837,0.0755,0.5408,2,297,0,49,333,2
2020-11-16,359,359,0,76,49,115,72,67,64,5,1018,0.0583,0.0557,0.886,0.2939,0.063,0.6431,24,1149,0,49,1234,0
2020-11-17,360,360,0,82,42,112,66,64,138,6,753,0.067,0.1445,0.7885,0.3665,0.1351,0.4984,26,955,0,48,1043,0
